"","title","firstname","middlename","lastname","name_suffix","nickname","party","state","district","in_office","gender","phone","fax","website","webform","congress_office","bioguide_id","votesmart_id","fec_id","govtrack_id","crp_id","twitter_id","congresspedia_url","youtube_url","facebook_id","official_rss","senate_class","birthdate","oc_email"
"3","Rep","Robert","B.","Aderholt","","","R","AL","4",1,"M","202-225-4876","202-225-5587","https://aderholt.house.gov","","235 Cannon House Office Building","A000055",441,"H6AL04098",400004,"N00003028","Robert_Aderholt","http://www.opencongress.org/wiki/Robert_Aderholt","http://youtube.com/RobertAderholt","RobertAderholt",NA,"","1965-07-22","Rep.Aderholt@opencongress.org"
"9","Sen","Lamar","","Alexander","","","R","TN","Senior Seat",1,"M","202-224-4944","202-228-3398","https://www.alexander.senate.gov/public","http://www.alexander.senate.gov/public/index.cfm?p=Email","455 Dirksen Senate Office Building","A000360",15691,"S2TN00058",300002,"N00009888","SenAlexander","http://www.opencongress.org/wiki/Lamar_Alexander","http://youtube.com/lamaralexander","senatorlamaralexander",NA,"II","1940-07-03","Sen.Alexander@opencongress.org"
"18","Rep","Mark","E.","Amodei","","","R","NV","2",1,"M","202-225-6155","202-225-5679","https://amodei.house.gov","","332 Cannon House Office Building","A000369",12537,"H2NV02395",412500,"N00031177","MarkAmodeiNV2","http://www.opencongress.org/wiki/Mark_Amodei","http://youtube.com/markamodeinv2","MarkAmodeiNV2",NA,"","1958-06-12","Rep.Amodei@opencongress.org"
"27","Rep","Joe","Linus","Barton","","","R","TX","6",1,"M","202-225-2002","202-225-3052","https://joebarton.house.gov","","2107 Rayburn House Office Building","B000213",27082,"H4TX06117",400018,"N00005656","RepJoeBarton","http://www.opencongress.org/wiki/Joe_Barton","http://youtube.com/repjoebarton","RepJoeBarton",NA,"","1949-09-15","Rep.Joebarton@opencongress.org"
"39","Sen","Roy","","Blunt","","","R","MO","Junior Seat",1,"M","202-224-5721","202-224-8149","https://www.blunt.senate.gov/public","https://www.blunt.senate.gov/public/index.cfm/contact-roy","260 Russell Senate Office Building","B000575",418,"H6MO07128",400034,"N00005195","RoyBlunt","http://www.opencongress.org/wiki/Roy_Blunt","http://youtube.com/SenatorBlunt","SenatorBlunt",NA,"III","1950-01-10","Sen.Blunt@opencongress.org"
"46","Rep","Kevin","P.","Brady","","","R","TX","8",1,"M","202-225-4901","202-225-5524","https://kevinbrady.house.gov","","1011 Longworth House Office Building","B000755",361,"H6TX08100",400046,"N00005883","RepKevinBrady","http://www.opencongress.org/wiki/Kevin_Brady","http://youtube.com/KBrady8","kevinbrady",NA,"","1955-04-11","Rep.Kevinbrady@opencongress.org"
"51","Sen","Richard","M.","Burr","","","R","NC","Senior Seat",1,"M","202-224-3154","202-228-2981","https://www.burr.senate.gov","https://www.burr.senate.gov/contact/email","217 Russell Senate Office Building","B001135",21787,"S4NC00089",400054,"N00002221","SenatorBurr","http://www.opencongress.org/wiki/Richard_Burr","http://youtube.com/SenatorRichardBurr","SenatorRichardBurr",NA,"III","1955-11-30","Sen.Burr@opencongress.org"
"64","Sen","John","","Boozman","","","R","AR","Senior Seat",1,"M","202-224-4843","202-228-1371","https://www.boozman.senate.gov/public","https://www.boozman.senate.gov/public/index.cfm/contact","141 Hart Senate Office Building","B001236",27958,"H2AR03176",400040,"N00013873","JohnBoozman","http://www.opencongress.org/wiki/John_Boozman","http://youtube.com/BoozmanPressOffice","JohnBoozman",NA,"III","1950-12-10","Sen.Boozman@opencongress.org"
"67","Rep","Marsha","W.","Blackburn","","","R","TN","7",1,"F","202-225-2811","202-225-3004","https://blackburn.house.gov","","2266 Rayburn House Office Building","B001243",25186,"H2TN06030",400032,"N00003105","MarshaBlackburn","http://www.opencongress.org/wiki/Marsha_Blackburn","http://youtube.com/RepMarshaBlackburn","marshablackburn",NA,"","1952-06-06","Rep.Blackburn@opencongress.org"
"71","Rep","Michael","C.","Burgess","","","R","TX","26",1,"M","202-225-7772","202-225-2919","https://burgess.house.gov","","2336 Rayburn House Office Building","B001248",50120,"H2TX26093",400052,"N00025219","MichaelCBurgess","http://www.opencongress.org/wiki/Michael_Burgess","http://youtube.com/michaelcburgessmd","michaelcburgess",NA,"","1950-12-23","Rep.Burgess@opencongress.org"
"72","Rep","Rob","","Bishop","","","R","UT","1",1,"M","202-225-0453","202-225-5857","https://robbishop.house.gov","","123 Cannon House Office Building","B001250",50544,"H2UT01094",400029,"N00025292","RepRobBishop","http://www.opencongress.org/wiki/Rob_Bishop","http://youtube.com/CongressmanBishop","RepRobBishop",NA,"","1951-07-13","Rep.Robbishop@opencongress.org"
"79","Rep","Gus","M.","Bilirakis","","","R","FL","12",1,"M","202-225-5755","202-225-4085","https://bilirakis.house.gov","","2112 Rayburn House Office Building","B001257",17318,"H6FL09070",412250,"N00027462","RepGusBilirakis","http://www.opencongress.org/wiki/Gus_Michael_Bilirakis","http://youtube.com/RepGusBilirakis","GusBilirakis",NA,"","1963-02-08","Rep.Bilirakis@opencongress.org"
"82","Rep","Vern","","Buchanan","","","R","FL","16",1,"M","202-225-5015","202-226-0828","https://buchanan.house.gov","","2104 Rayburn House Office Building","B001260",66247,"H6FL13148",412196,"N00027626","VernBuchanan","http://www.opencongress.org/wiki/Vern_Buchanan","http://youtube.com/vernbuchanan","CongressmanBuchanan",NA,"","1951-05-08","Rep.Buchanan@opencongress.org"
"83","Sen","John","A.","Barrasso","","","R","WY","Junior Seat",1,"M","202-224-6441","202-224-1724","https://www.barrasso.senate.gov","https://www.barrasso.senate.gov/public/index.cfm/contact-form","307 Dirksen Senate Office Building","B001261",52662,"S6WY00068",412251,"N00006236","SenJohnBarrasso","http://www.opencongress.org/wiki/John_Barrasso","http://youtube.com/barrassowyo","johnbarrasso",NA,"I","1952-07-21","Sen.Barrasso@opencongress.org"
"91","Rep","Lou","","Barletta","","","R","PA","11",1,"M","202-225-6511","202-225-0764","https://barletta.house.gov","","2049 Rayburn House Office Building","B001269",47143,"H2PA11098",412469,"N00025495","RepLouBarletta","http://www.opencongress.org/wiki/Lou_Barletta","http://youtube.com/reploubarletta","CongressmanLouBarletta",NA,"","1956-01-28","Rep.Barletta@opencongress.org"
"95","Rep","Diane","","Black","","","R","TN","6",1,"F","202-225-4231","202-225-6887","https://black.house.gov","","1131 Longworth House Office Building","B001273",25292,"H0TN06257",412478,"N00031539","RepDianeBlack","http://www.opencongress.org/wiki/Diane_Black","http://youtube.com/RepDianeBlack","DianeBlackTN06",NA,"","1951-01-16","Rep.Black@opencongress.org"
"96","Rep","Mo","","Brooks","","","R","AL","5",1,"M","202-225-4801","202-225-4392","https://brooks.house.gov","","2400 Rayburn House Office Building","B001274",121610,"H0AL05163",412395,"N00030910","RepMoBrooks","http://www.opencongress.org/wiki/Mo_Brooks","http://youtube.com/RepMoBrooks","RepMoBrooks",NA,"","1954-04-29","Rep.Brooks@opencongress.org"
"97","Rep","Larry","","Bucshon","","","R","IN","8",1,"M","202-225-4636","202-225-3284","https://bucshon.house.gov","","1005 Longworth House Office Building","B001275",120335,"H0IN08114",412427,"N00031227","RepLarryBucshon","http://www.opencongress.org/wiki/Larry_Bucshon","http://youtube.com/RepLarryBucshon","RepLarryBucshon",NA,"","1962-05-31","Rep.Bucshon@opencongress.org"
"103","Rep","Garland","","Barr","","Andy","R","KY","6",1,"M","202-225-4706","","https://barr.house.gov","","1427 Longworth House Office Building","B001282",117290,"H0KY06104",412541,"N00031233","RepAndyBarr","","http://youtube.com/RepAndyBarr","RepAndyBarr",NA,"","1973-07-24","Rep.Barr@opencongress.org"
"104","Rep","Jim","","Bridenstine","","","R","OK","1",1,"M","202-225-2211","918-935-2716","https://bridenstine.house.gov","","216 Cannon House Office Building","B001283",135894,"H2OK01143",412567,"N00033532","RepJBridenstine","","http://youtube.com/RepJimBridenstine","CongressmanJimBridenstine",NA,"","1975-06-15","Rep.Bridenstine@opencongress.org"
"105","Rep","Susan","W.","Brooks","","","R","IN","5",1,"F","202-225-2276","202-225-0016","https://susanwbrooks.house.gov","","1030 Longworth House Office Building","B001284",135988,"H2IN05082",412539,"N00033495","SusanWBrooks","","http://youtube.com/SusanWBrooks","congresswomansusanwbrooks",NA,"","1960-08-25","Rep.Susanwbrooks@opencongress.org"
"122","Rep","Jack","","Bergman","","","R","MI","1",1,"M","202-225-4735","","https://bergman.house.gov","","414 Cannon House Office Building","B001301",170172,"H6MI01226",412709,"N00039533","RepJackBergman","","http://youtube.com/RepJackBergman","RepJackBergman",NA,"","1947-02-02","Rep.Bergman@opencongress.org"
"127","Rep","Ken","S.","Calvert","","","R","CA","42",1,"M","202-225-1986","202-225-2004","https://calvert.house.gov","","2205 Rayburn House Office Building","C000059",26777,"H2CA37023",400057,"N00007099","KenCalvert","http://www.opencongress.org/wiki/Ken_Calvert","http://youtube.com/RepKenCalvert","70063393423",NA,"","1953-06-08","Rep.Calvert@opencongress.org"
"135","Rep","Steve","J.","Chabot","","","R","OH","1",1,"M","202-225-2216","202-225-3012","https://chabot.house.gov","","2371 Rayburn House Office Building","C000266",21790,"H8OH01043",400071,"N00003689","RepSteveChabot","http://www.opencongress.org/wiki/Steven_Chabot","http://youtube.com/congressmanchabot","RepSteveChabot",NA,"","1953-01-22","Rep.Chabot@opencongress.org"
"142","Sen","Thad","","Cochran","","","R","MS","Senior Seat",1,"M","202-224-5054","202-224-9450","https://www.cochran.senate.gov","https://www.cochran.senate.gov/public/index.cfm/email-me","113 Dirksen Senate Office Building","C000567",53312,"S8MS00055",300023,"N00003328","SenThadCochran","http://www.opencongress.org/wiki/Thad_Cochran","http://youtube.com/sencochran","",NA,"II","1937-12-07","Sen.Cochran@opencongress.org"
"149","Sen","Michael","D.","Crapo","","","R","ID","Senior Seat",1,"M","202-224-6142","202-228-1375","https://www.crapo.senate.gov","https://www.crapo.senate.gov/contact","239 Dirksen Senate Office Building","C000880",26830,"S8ID00027",300030,"N00006267","MikeCrapo","http://www.opencongress.org/wiki/Michael_Crapo","http://youtube.com/senatorcrapo","mikecrapo",NA,"III","1951-05-20","Sen.Crapo@opencongress.org"
"152","Sen","Susan","M.","Collins","","","R","ME","Senior Seat",1,"F","202-224-2523","202-224-2693","https://www.collins.senate.gov","http://www.collins.senate.gov/contact","413 Dirksen Senate Office Building","C001035",379,"S6ME00159",300025,"N00000491","SenatorCollins","http://www.opencongress.org/wiki/Susan_Collins","http://youtube.com/SenatorSusanCollins","susancollins",NA,"II","1952-12-07","Sen.Collins@opencongress.org"
"160","Rep","John","Abney","Culberson","","","R","TX","7",1,"M","202-225-2571","202-225-4381","https://culberson.house.gov","","2161 Rayburn House Office Building","C001048",5488,"H0TX07055",400089,"N00009738","CongCulberson","http://www.opencongress.org/wiki/John_Culberson","http://youtube.com/johnculbersontx07","CongressmanCulberson",NA,"","1956-08-24","Rep.Culberson@opencongress.org"
"163","Rep","John","R.","Carter","","","R","TX","31",1,"M","202-225-3864","202-225-5886","https://carter.house.gov","","2110 Rayburn House Office Building","C001051",49296,"H2TX31044",400068,"N00025095","JudgeCarter","http://www.opencongress.org/wiki/John_Carter","http://youtube.com/repjohncarter","judgecarter",NA,"","1941-11-06","Rep.Carter@opencongress.org"
"164","Rep","Tom","","Cole","","","R","OK","4",1,"M","202-225-6165","202-225-3512","https://cole.house.gov","","2467 Rayburn House Office Building","C001053",46034,"H2OK04055",400077,"N00025726","TomColeOK04","http://www.opencongress.org/wiki/Tom_Cole","http://youtube.com/reptomcole","TomColeOK04",NA,"","1949-04-28","Rep.Cole@opencongress.org"
"165","Sen","John","","Cornyn","","","R","TX","Senior Seat",1,"M","202-224-2934","202-228-2856","https://www.cornyn.senate.gov","https://www.cornyn.senate.gov/contact","517 Hart Senate Office Building","C001056",15375,"S2TX00106",300027,"N00024852","JohnCornyn","http://www.opencongress.org/wiki/John_Cornyn","http://youtube.com/senjohncornyn","sen.johncornyn",NA,"II","1952-02-02","Sen.Cornyn@opencongress.org"
"171","Rep","K.","Michael","Conaway","","","R","TX","11",1,"M","202-225-3605","202-225-1783","https://conaway.house.gov","","2430 Rayburn House Office Building","C001062",49935,"H4TX19136",400655,"N00026041","ConawayTX11","http://www.opencongress.org/wiki/K._Michael_Conaway","http://youtube.com/mikeconaway11","mike.conaway",NA,"","1948-06-11","Rep.Conaway@opencongress.org"
"180","Sen","Bob","","Corker","","","R","TN","Junior Seat",1,"M","202-224-3344","202-228-0566","https://www.corker.senate.gov","https://www.corker.senate.gov/public/index.cfm/emailme","425 Dirksen Senate Office Building","C001071",65905,"S6TN00216",412248,"N00027441","SenBobCorker","http://www.opencongress.org/wiki/Bob_Corker","http://youtube.com/senatorcorker","bobcorker",NA,"I","1952-08-24","Sen.Corker@opencongress.org"
"185","Rep","Jason","","Chaffetz","","","R","UT","3",0,"M","202-225-7751","202-225-5629","https://chaffetz.house.gov","","2236 Rayburn House Office Building","C001076",103482,"H8UT03089",412270,"N00028958","JasonInTheHouse","http://www.opencongress.org/wiki/Jason_Chaffetz","http://youtube.com/JasonChaffetz","CongressmanJasonChaffetz",NA,"","1967-03-26",""
"186","Rep","Mike","","Coffman","","","R","CO","6",1,"M","202-225-7882","202-226-4623","https://coffman.house.gov","","2443 Rayburn House Office Building","C001077",1535,"H8CO06138",412271,"N00024753","RepMikeCoffman","http://www.opencongress.org/wiki/Mike_Coffman","http://youtube.com/CongressmanCoffman","repmikecoffman",NA,"","1955-03-19","Rep.Coffman@opencongress.org"
"196","Rep","Eric","A.","Crawford","","Rick","R","AR","1",1,"M","202-225-4076","202-225-5602","https://crawford.house.gov","","2422 Rayburn House Office Building","C001087",119208,"H0AR01083",412400,"N00030770","RepRickCrawford","http://www.opencongress.org/wiki/Rick_Crawford","http://youtube.com/RepRickCrawford","RepRickCrawford",NA,"","1966-01-22","Rep.Crawford@opencongress.org"
"200","Rep","Chris","","Collins","","","R","NY","27",1,"M","202-225-5265","202-225-5910","https://chriscollins.house.gov","","1117 Longworth House Office Building","C001092",139770,"H8NY29032",412563,"N00001285","RepChrisCollins","","http://youtube.com/RepChrisCollins","RepChrisCollins",NA,"","1950-05-20","Rep.Chriscollins@opencongress.org"
"201","Rep","Doug","","Collins","","","R","GA","9",1,"M","202-225-9893","202-226-1224","https://dougcollins.house.gov","","1504 Longworth House Office Building","C001093",67851,"H2GA09150",412531,"N00033518","RepDougCollins","","http://youtube.com/repdougcollins","RepresentativeDougCollins",NA,"","1966-08-16","Rep.Dougcollins@opencongress.org"
"202","Rep","Paul","","Cook","","","R","CA","8",1,"M","202-225-5861","202-225-6498","https://cook.house.gov","","1222 Longworth House Office Building","C001094",58121,"H2CA08164",412513,"N00034224","RepPaulCook","","http://youtube.com/RepPaulCook","RepPaulCook",NA,"","1943-03-03","Rep.Cook@opencongress.org"
"203","Sen","Tom","","Cotton","","","R","AR","Junior Seat",1,"M","202-224-2353","","https://www.cotton.senate.gov","http://www.cotton.senate.gov/?p=contact","124 Russell Senate Office Building","C001095",135651,"H2AR04083",412508,"N00033363","SenTomCotton","","http://youtube.com/RepTomCotton","SenatorTomCotton",NA,"II","1977-05-13","Sen.Cotton@opencongress.org"
"204","Rep","Kevin","","Cramer","","","R","ND","0",1,"M","202-225-2611","202-226-0893","https://cramer.house.gov","","1717 Longworth House Office Building","C001096",444,"H0ND01026",412555,"N00004614","RepKevinCramer","","http://youtube.com/kevincramer","CongressmanKevinCramer",NA,"","1961-01-21","Rep.Cramer@opencongress.org"
"206","Sen","Ted","","Cruz","","","R","TX","Junior Seat",1,"M","202-224-5922","202-228-3398","https://www.cruz.senate.gov","https://www.cruz.senate.gov/?p=form&id=16","404 Russell Senate Office Building","C001098",135705,"S2TX00312",412573,"N00033085","SenTedCruz","","http://youtube.com/sentedcruz","SenatorTedCruz",NA,"I","1970-12-22","Sen.Cruz@opencongress.org"
"235","Rep","John","J.","Duncan","Jr.","Jimmy","R","TN","2",1,"M","202-225-5435","202-225-6440","https://duncan.house.gov","","2207 Rayburn House Office Building","D000533",27069,"H8TN02069",400116,"N00003209","RepJohnDuncanJr","http://www.opencongress.org/wiki/John_Duncan","http://youtube.com/RepJohnDuncan","CongressmanDuncan",NA,"","1947-07-21","Rep.Duncan@opencongress.org"
"241","Rep","Mario","","Diaz-Balart","","","R","FL","25",1,"M","202-225-4211","202-225-8576","https://mariodiazbalart.house.gov","","440 Cannon House Office Building","D000600",24312,"H2FL25018",400108,"N00025337","MarioDB","http://www.opencongress.org/wiki/Mario_Diaz-Balart","http://youtube.com/MarioDiazBalart","mdiazbalart",NA,"","1961-09-25","Rep.Mariodiazbalart@opencongress.org"
"245","Rep","Charles","W.","Dent","","","R","PA","15",1,"M","202-225-6411","202-226-0778","https://dent.house.gov","","2082 Rayburn House Office Building","D000604",9121,"H4PA15087",400648,"N00026171","RepCharlieDent","http://www.opencongress.org/wiki/Charles_Dent","http://youtube.com/CongressmanDent","CongressmanDent",NA,"","1960-05-24","Rep.Dent@opencongress.org"
"253","Rep","Jeff","","Denham","","","R","CA","10",1,"M","202-225-4540","202-225-3402","https://denham.house.gov","","1730 Longworth House Office Building","D000612",28769,"H0CA19173",412403,"N00031593","RepJeffDenham","http://www.opencongress.org/wiki/Jeff_Denham","http://youtube.com/repjeffdenham","RepJeffDenham",NA,"","1967-07-29","Rep.Denham@opencongress.org"
"255","Rep","Sean","P.","Duffy","","","R","WI","7",1,"M","202-225-3365","202-225-3240","https://duffy.house.gov","","2330 Rayburn House Office Building","D000614",126238,"H0WI07051",412488,"N00030967","RepSeanDuffy","http://www.opencongress.org/wiki/Sean_Duffy","http://youtube.com/RepSeanDuffy","RepSeanDuffy",NA,"","1971-10-03","Rep.Duffy@opencongress.org"
"256","Rep","Jeff","","Duncan","","","R","SC","3",1,"M","202-225-5301","202-225-3216","https://jeffduncan.house.gov","","2229 Rayburn House Office Building","D000615",47967,"H0SC03077",412472,"N00030752","RepJeffDuncan","http://www.opencongress.org/wiki/Jeff_Duncan","http://youtube.com/congjeffduncan","RepJeffDuncan",NA,"","1966-01-07","Rep.Jeffduncan@opencongress.org"
"257","Rep","Scott","","DesJarlais","","","R","TN","4",1,"M","202-225-6831","202-226-5172","https://desjarlais.house.gov","","2301 Rayburn House Office Building","D000616",123473,"H0TN04195",412477,"N00030957","DesJarlaisTN04","http://www.opencongress.org/wiki/Scott_Desjarlais","http://youtube.com/ScottDesJarlaisTN04","ScottDesJarlaisTN04",NA,"","1964-02-21","Rep.Desjarlais@opencongress.org"
"259","Sen","Steve","","Daines","","","R","MT","Junior Seat",1,"M","202-224-2651","202-228-1236","https://www.daines.senate.gov","https://www.daines.senate.gov/connect/email-steve","320 Hart Senate Office Building","D000618",135720,"H2MT01060",412549,"N00033054","SteveDaines","","http://youtube.com/SteveDainesMT","SteveDainesMT",NA,"II","1962-08-20","Sen.Daines@opencongress.org"
"260","Rep","Rodney","","Davis","","","R","IL","13",1,"M","202-225-2371","217-791-6168","https://rodneydavis.house.gov","","1740 Longworth House Office Building","D000619",9622,"H2IL13120",412536,"N00034784","RodneyDavis","","http://youtube.com/RepRodneyDavis","RepRodneyDavis",NA,"","1970-01-05","Rep.Rodneydavis@opencongress.org"
"262","Rep","Ron","","DeSantis","","","R","FL","6",1,"M","202-225-2706","202-226-6299","https://desantis.house.gov","","1524 Longworth House Office Building","D000621",137630,"H2FL00292",412526,"N00034746","RepDeSantis","","http://youtube.com/RepRonDeSantis","RepDeSantis",NA,"","1978-09-14","Rep.Desantis@opencongress.org"
"279","Sen","Michael","B.","Enzi","","","R","WY","Senior Seat",1,"M","202-224-3424","202-228-0359","https://www.enzi.senate.gov","http://www.enzi.senate.gov/public/index.cfm/contact?p=e-mail-senator-enzi","379a Russell Senate Office Building","E000285",558,"S6WY00126",300041,"N00006249","SenatorEnzi","http://www.opencongress.org/wiki/Michael_Enzi","http://youtube.com/senatorenzi","mikeenzi",NA,"II","1944-02-01","Sen.Enzi@opencongress.org"
"286","Rep","Tom","","Emmer","","","R","MN","6",1,"M","202-225-2331","202-225-6475","https://emmer.house.gov","","315 Cannon House Office Building","E000294",38894,"H4MN06087",412639,"N00035440","RepTomEmmer","","http://youtube.com/RepTomEmmer","reptomemmer",NA,"","1961-03-03","Rep.Emmer@opencongress.org"
"298","Rep","Rodney","P.","Frelinghuysen","","","R","NJ","11",1,"M","202-225-5034","202-225-3186","https://frelinghuysen.house.gov","","2306 Rayburn House Office Building","F000372",22177,"H2NJ05014",400142,"N00000684","USRepRodney","http://www.opencongress.org/wiki/Rodney_Frelinghuysen","http://youtube.com/RepFrelinghuysen","rfrelinghuysen",NA,"","1946-04-29","Rep.Frelinghuysen@opencongress.org"
"301","Sen","Jeff","","Flake","","","R","AZ","Junior Seat",1,"M","202-224-4521","202-226-4386","https://www.flake.senate.gov/public","https://www.flake.senate.gov/public/index.cfm/contact-jeff","413 Russell Senate Office Building","F000444",28128,"H0AZ01184",400134,"N00009573","JeffFlake","http://www.opencongress.org/wiki/Jeff_Flake","http://youtube.com/flakeoffice","senatorjeffflake",NA,"I","1962-12-31","Sen.Flake@opencongress.org"
"304","Rep","Trent","","Franks","","","R","AZ","8",1,"M","202-225-4576","202-225-6328","https://franks.house.gov","","2435 Rayburn House Office Building","F000448",28399,"H4AZ04024",400141,"N00006423","RepTrentFranks","http://www.opencongress.org/wiki/Trent_Franks","http://youtube.com/RepTrentFranks","TrentFranks",NA,"","1957-06-19","Rep.Franks@opencongress.org"
"305","Rep","Jeff","Lane","Fortenberry","","","R","NE","1",1,"M","202-225-4806","202-225-5686","https://fortenberry.house.gov","","1514 Longworth House Office Building","F000449",41929,"H4NE01064",400640,"N00026631","JeffFortenberry","http://www.opencongress.org/wiki/Jeff_Fortenberry","http://youtube.com/JeffFortenberry","jefffortenberry",NA,"","1960-12-27","Rep.Fortenberry@opencongress.org"
"306","Rep","Virginia","","Foxx","","","R","NC","5",1,"F","202-225-2071","202-225-2995","https://foxx.house.gov","","2262 Rayburn House Office Building","F000450",6051,"H4NC05146",400643,"N00026166","VirginiaFoxx","http://www.opencongress.org/wiki/Virginia_Foxx","http://youtube.com/repvirginiafoxx","RepVirginiaFoxx",NA,"","1943-06-29","Rep.Foxx@opencongress.org"
"315","Rep","Charles","J.","Fleischmann","","Chuck","R","TN","3",1,"M","202-225-3271","202-225-3494","https://fleischmann.house.gov","","2410 Rayburn House Office Building","F000459",123456,"H0TN03254",412476,"N00030815","RepChuck","http://www.opencongress.org/wiki/Chuck_Fleischmann","http://youtube.com/repchuck","repchuck",NA,"","1962-10-11","Rep.Fleischmann@opencongress.org"
"316","Rep","Blake","","Farenthold","","","R","TX","27",1,"M","202-225-7742","202-226-1134","https://farenthold.house.gov","","2331 Rayburn House Office Building","F000460",116919,"H0TX27061",412482,"N00031672","Farenthold","http://www.opencongress.org/wiki/Blake_Farenthold","http://youtube.com/BlakeFarenthold","BlakeFarenthold",NA,"","1961-12-12","Rep.Farenthold@opencongress.org"
"317","Rep","Bill","","Flores","","","R","TX","17",1,"M","202-225-6105","202-225-0350","https://flores.house.gov","","2440 Rayburn House Office Building","F000461",116906,"H0TX17104",412480,"N00031545","RepBillFlores","http://www.opencongress.org/wiki/Bill_Flores","http://youtube.com/RepBillFlores","RepBillFlores",NA,"","1954-02-25","Rep.Flores@opencongress.org"
"319","Sen","Deb","","Fischer","","","R","NE","Senior Seat",1,"F","202-224-6551","202-228-1325","https://www.fischer.senate.gov","http://www.fischer.senate.gov/public/index.cfm/contact","454 Russell Senate Office Building","F000463",41963,"S2NE00094",412556,"N00033443","SenatorFischer","","http://youtube.com/senatordebfischer","senatordebfischer",NA,"I","1951-03-01","Sen.Fischer@opencongress.org"
"327","Rep","Bob","W.","Goodlatte","","","R","VA","6",1,"M","202-225-5431","202-225-9681","https://goodlatte.house.gov","","2309 Rayburn House Office Building","G000289",27116,"H2VA06115",400154,"N00009154","RepGoodlatte","http://www.opencongress.org/wiki/Robert_Goodlatte","http://youtube.com/RepBobGoodlatte","BobGoodlatte",NA,"","1952-09-22","Rep.Goodlatte@opencongress.org"
"329","Sen","Lindsey","O.","Graham","","","R","SC","Senior Seat",1,"M","202-224-5972","202-224-3808","https://www.lgraham.senate.gov/public","https://www.lgraham.senate.gov/public/index.cfm/e-mail-senator-graham","290 Russell Senate Office Building","G000359",21992,"S0SC00149",300047,"N00009975","GrahamBlog","http://www.opencongress.org/wiki/Lindsey_Graham","http://youtube.com/USSenLindseyGraham","USSenatorLindseyGraham",NA,"II","1955-07-09","Sen.Lgraham@opencongress.org"
"330","Rep","Kay","","Granger","","","R","TX","12",1,"F","202-225-5071","202-225-5683","https://kaygranger.house.gov","","1026 Longworth House Office Building","G000377",334,"H6TX12060",400157,"N00008799","RepKayGranger","http://www.opencongress.org/wiki/Kay_Granger","http://youtube.com/RepKayGranger","RepKayGranger",NA,"","1943-01-18","Rep.Kaygranger@opencongress.org"
"331","Sen","Charles","E.","Grassley","","Chuck","R","IA","Senior Seat",1,"M","202-224-3744","202-224-6020","https://www.grassley.senate.gov","http://www.grassley.senate.gov/contact","135 Hart Senate Office Building","G000386",53293,"S0IA00028",300048,"N00001758","ChuckGrassley","http://www.opencongress.org/wiki/Charles_Grassley","http://youtube.com/senchuckgrassley","grassley",NA,"III","1933-09-17","Sen.Grassley@opencongress.org"
"341","Rep","Louie","B.","Gohmert","Jr.","","R","TX","1",1,"M","202-225-3035","202-226-1230","https://gohmert.house.gov","","2243 Rayburn House Office Building","G000552",50029,"H4TX04039",400651,"N00026148","RepLouieGohmert","http://www.opencongress.org/wiki/Louis_Gohmert","http://youtube.com/GohmertTX01","50375006903",NA,"","1953-08-18","Rep.Gohmert@opencongress.org"
"347","Rep","Brett","","Guthrie","","","R","KY","2",1,"M","202-225-3501","202-226-2019","https://guthrie.house.gov","","2434 Rayburn House Office Building","G000558",18829,"H8KY02031",412278,"N00029675","RepGuthrie","http://www.opencongress.org/wiki/Steven_Guthrie","http://youtube.com/BrettGuthrie","CongressmanGuthrie",NA,"","1964-02-18","Rep.Guthrie@opencongress.org"
"349","Rep","Tom","","Graves","","","R","GA","14",1,"M","202-225-5211","202-225-8272","https://tomgraves.house.gov","","2078 Rayburn House Office Building","G000560",31969,"H0GA09030",412388,"N00030788","RepTomGraves","http://www.opencongress.org/wiki/Tom_Graves","http://youtube.com/CongressmanGraves","reptomgraves",NA,"","1970-02-03","Rep.Tomgraves@opencongress.org"
"352","Rep","Bob","","Gibbs","","","R","OH","7",1,"M","202-225-6265","202-225-3394","https://gibbs.house.gov","","2446 Rayburn House Office Building","G000563",45466,"H0OH18077",412463,"N00031128","RepBobGibbs","http://www.opencongress.org/wiki/Bob_Gibbs","http://youtube.com/RepBobGibbs","RepBobGibbs",NA,"","1954-06-14","Rep.Gibbs@opencongress.org"
"354","Rep","Paul","A.","Gosar","","","R","AZ","4",1,"M","202-225-2315","202-226-9739","https://gosar.house.gov","","2057 Rayburn House Office Building","G000565",123491,"H0AZ01259",412397,"N00030771","RepGosar","http://www.opencongress.org/wiki/Paul_Gosar","http://youtube.com/repgosar","repgosar",NA,"","1958-11-22","Rep.Gosar@opencongress.org"
"355","Rep","Trey","","Gowdy","","","R","SC","4",1,"M","202-225-6030","202-226-1177","https://gowdy.house.gov","","2418 Rayburn House Office Building","G000566",121782,"H0SC04257",412473,"N00030880","TGowdySC","http://www.opencongress.org/wiki/Trey_Gowdy","http://youtube.com/TGowdySC","RepTreyGowdy",NA,"","1964-08-22","Rep.Gowdy@opencongress.org"
"357","Rep","H.","Morgan","Griffith","","","R","VA","9",1,"M","202-225-3861","202-225-0076","https://morgangriffith.house.gov","","2202 Rayburn House Office Building","G000568",5148,"H0VA09055",412485,"N00032029","RepMGriffith","http://www.opencongress.org/wiki/Morgan_Griffith","http://youtube.com/RepMorganGriffith","RepMorganGriffith",NA,"","1958-03-15","Rep.Morgangriffith@opencongress.org"
"378","Sen","Orrin","G.","Hatch","","","R","UT","Senior Seat",1,"M","202-224-5251","202-224-6331","https://www.hatch.senate.gov","http://www.hatch.senate.gov/public/index.cfm/contact?p=Email-Orrin","104 Hart Senate Office Building","H000338",53352,"S6UT00063",300052,"N00009869","SenOrrinHatch","http://www.opencongress.org/wiki/Orrin_Hatch","http://youtube.com/SenatorOrrinHatch","senatororrinhatch",NA,"I","1934-03-22","Sen.Hatch@opencongress.org"
"395","Rep","Jeb","","Hensarling","","","R","TX","5",1,"M","202-225-3484","202-226-4888","https://hensarling.house.gov","","2228 Rayburn House Office Building","H001036",49827,"H2TX05121",400175,"N00024922","RepHensarling","http://www.opencongress.org/wiki/Jeb_Hensarling","http://youtube.com/repjebhensarling","RepHensarling",NA,"","1957-05-29","Rep.Hensarling@opencongress.org"
"400","Sen","Dean","","Heller","","","R","NV","Senior Seat",1,"M","202-224-6244","202-228-6753","https://www.heller.senate.gov/public","http://www.heller.senate.gov/public/index.cfm/contact-form","324 Hart Senate Office Building","H001041",2291,"H6NV02164",412218,"N00027522","SenDeanHeller","http://www.opencongress.org/wiki/Dean_Heller","http://youtube.com/SenDeanHeller","SenDeanHeller",NA,"I","1960-05-10","Sen.Heller@opencongress.org"
"404","Rep","Gregg","","Harper","","","R","MS","3",1,"M","202-225-5031","202-225-5797","https://harper.house.gov","","2227 Rayburn House Office Building","H001045",101985,"H8MS03067",412280,"N00029632","GreggHarper","http://www.opencongress.org/wiki/Gregg_Harper","http://youtube.com/congressmanharper","GreggHarper",NA,"","1956-06-01","Rep.Harper@opencongress.org"
"407","Rep","Duncan","D.","Hunter","","","R","CA","50",1,"M","202-225-5672","202-225-0235","https://hunter.house.gov","","2429 Rayburn House Office Building","H001048",104308,"H8CA52052",412283,"N00029258","Rep_Hunter","http://www.opencongress.org/wiki/Duncan_Hunter","http://youtube.com/CongressmanHunter","DuncanHunter",NA,"","1976-12-07","Rep.Hunter@opencongress.org"
"411","Rep","Andy","","Harris","","","R","MD","1",1,"M","202-225-5311","202-225-0254","https://harris.house.gov","","1533 Longworth House Office Building","H001052",19157,"H8MD01094",412434,"N00029147","RepAndyHarrisMD","http://www.opencongress.org/wiki/Andy_Harris","http://youtube.com/RepAndyHarris","AndyHarrisMD",NA,"","1957-01-25","Rep.Harris@opencongress.org"
"412","Rep","Vicky","","Hartzler","","","R","MO","4",1,"F","202-225-2876","202-225-0148","https://hartzler.house.gov","","2235 Rayburn House Office Building","H001053",8783,"H0MO04086",412444,"N00031005","RepHartzler","http://www.opencongress.org/wiki/Vicky_Hartzler","http://youtube.com/repvickyhartzler","Congresswoman.Hartzler",NA,"","1960-10-13","Rep.Hartzler@opencongress.org"
"415","Rep","Jaime","","Herrera Beutler","","","R","WA","3",1,"F","202-225-3536","202-225-3478","https://herrerabeutler.house.gov","","1107 Longworth House Office Building","H001056",101907,"H0WA03187",412486,"N00031559","HerreraBeutler","http://www.opencongress.org/wiki/Jaime_Herrera","http://youtube.com/RepHerreraBeutler","herrerabeutler",NA,"","1978-11-03","Rep.Herrerabeutler@opencongress.org"
"417","Rep","Bill","","Huizenga","","","R","MI","2",1,"M","202-225-4401","202-226-0779","https://huizenga.house.gov","","2232 Rayburn House Office Building","H001058",38351,"H0MI02094",412437,"N00030673","RepHuizenga","http://www.opencongress.org/wiki/Bill_Huizenga","http://youtube.com/RepHuizenga","RepHuizenga",NA,"","1969-01-31","Rep.Huizenga@opencongress.org"
"418","Rep","Randy","","Hultgren","","","R","IL","14",1,"M","202-225-2976","202-225-0697","https://hultgren.house.gov","","2455 Rayburn House Office Building","H001059",18199,"H0IL14080",412422,"N00031104","RepHultgren","http://www.opencongress.org/wiki/Randy_Hultgren","http://youtube.com/rephultgren","RepHultgren",NA,"","1966-03-01","Rep.Hultgren@opencongress.org"
"420","Sen","John","","Hoeven","","","R","ND","Senior Seat",1,"M","202-224-2551","202-224-7999","https://www.hoeven.senate.gov","http://www.hoeven.senate.gov/public/index.cfm/email-the-senator","338 Russell Senate Office Building","H001061",41788,"S0ND00093",412494,"N00031688","SenJohnHoeven","http://www.opencongress.org/wiki/John_Hoeven","http://youtube.com/senatorjohnhoevennd","SenatorJohnHoeven",NA,"III","1957-03-13","Sen.Hoeven@opencongress.org"
"424","Rep","George","","Holding","","","R","NC","2",1,"M","202-225-3032","919-782-4490","https://holding.house.gov","","1110 Longworth House Office Building","H001065",136462,"H2NC13110",412553,"N00033399","RepHolding","","http://youtube.com/repholding","CongressmanGeorgeHolding",NA,"","1968-04-17","Rep.Holding@opencongress.org"
"425","Rep","Richard","","Hudson","","","R","NC","8",1,"M","202-225-3715","704-782-1004","https://hudson.house.gov","","429 Cannon House Office Building","H001067",136448,"H2NC08185",412550,"N00033630","RepRichHudson","","http://youtube.com/RepRichHudson","RepRichHudson",NA,"","1971-11-04","Rep.Hudson@opencongress.org"
"437","Sen","James","M.","Inhofe","","Jim","R","OK","Senior Seat",1,"M","202-224-4721","202-228-0380","https://www.inhofe.senate.gov","https://www.inhofe.senate.gov/contact","205 Russell Senate Office Building","I000024",27027,"S4OK00083",300055,"N00005582","InhofePress","http://www.opencongress.org/wiki/James_Inhofe","http://youtube.com/jiminhofepressoffice","jiminhofe",NA,"II","1934-11-17","Sen.Inhofe@opencongress.org"
"440","Sen","John","H.","Isakson","","Johnny","R","GA","Senior Seat",1,"M","202-224-3643","202-228-0724","https://www.isakson.senate.gov","https://www.isakson.senate.gov/public/index.cfm/email-me","131 Russell Senate Office Building","I000055",1721,"S6GA00119",400194,"N00002593","SenatorIsakson","http://www.opencongress.org/wiki/John_Isakson","http://youtube.com/SenatorIsakson","",NA,"III","1944-12-28","Sen.Isakson@opencongress.org"
"441","Rep","Darrell","E.","Issa","","","R","CA","49",1,"M","202-225-3906","202-225-3303","https://issa.house.gov","","2269 Rayburn House Office Building","I000056",16553,"H0CA48024",400196,"N00007017","DarrellIssa","http://www.opencongress.org/wiki/Darrell_Issa","http://youtube.com/repdarrellissa","darrellissa",NA,"","1953-11-01","Rep.Issa@opencongress.org"
"446","Rep","Sam","Robert","Johnson","","","R","TX","3",1,"M","202-225-4201","202-225-1485","https://samjohnson.house.gov","","2304 Rayburn House Office Building","J000174",27079,"H2TX03118",400206,"N00008028","SamsPressShop","http://www.opencongress.org/wiki/Samuel_Johnson","http://youtube.com/RepSamJohnson","RepSamJohnson",NA,"","1930-10-11","Rep.Samjohnson@opencongress.org"
"448","Rep","Walter","B.","Jones","Jr.","","R","NC","3",1,"M","202-225-3415","202-225-3286","https://jones.house.gov","","2333 Rayburn House Office Building","J000255",21785,"H2NC01081",400209,"N00002299","RepWalterJones","http://www.opencongress.org/wiki/Walter_Beaman_Jones","http://youtube.com/RepWalterJones","15083070102",NA,"","1943-02-10","Rep.Jones@opencongress.org"
"454","Rep","Jim","","Jordan","","","R","OH","4",1,"M","202-225-2676","202-226-0577","https://jordan.house.gov","","2056 Rayburn House Office Building","J000289",8158,"H6OH04082",412226,"N00027894","Jim_Jordan","http://www.opencongress.org/wiki/James_Jordan","http://youtube.com/RepJimJordan","repjimjordan",NA,"","1964-02-17","Rep.Jordan@opencongress.org"
"455","Rep","Lynn","","Jenkins","","","R","KS","2",1,"F","202-225-6601","202-225-7986","https://lynnjenkins.house.gov","","1526 Longworth House Office Building","J000290",18594,"H8KS02090",412284,"N00029077","RepLynnJenkins","http://www.opencongress.org/wiki/Lynn_Jenkins","http://youtube.com/RepLynnJenkins","replynnjenkins",NA,"","1963-06-10","Rep.Lynnjenkins@opencongress.org"
"457","Rep","Bill","","Johnson","","","R","OH","6",1,"M","202-225-5705","202-225-5907","https://billjohnson.house.gov","","1710 Longworth House Office Building","J000292",120649,"H0OH06189",412460,"N00032088","RepBillJohnson","http://www.opencongress.org/wiki/Bill_Johnson","http://youtube.com/RepBillJohnson","RepBillJohnson",NA,"","1954-11-10","Rep.Billjohnson@opencongress.org"
"458","Sen","Ron","","Johnson","","","R","WI","Senior Seat",1,"M","202-224-5323","920-230-7262","https://www.ronjohnson.senate.gov","https://www.ronjohnson.senate.gov/public/index.cfm/email-the-senator","328 Hart Senate Office Building","J000293",126217,"S0WI00197",412496,"N00032546","SenRonJohnson","http://www.opencongress.org/wiki/Ron_Johnson","http://youtube.com/SenatorRonJohnson","senronjohnson",NA,"III","1955-04-08","Sen.Ronjohnson@opencongress.org"
"460","Rep","David","P.","Joyce","","","R","OH","14",1,"M","202-225-5731","202-225-3307","https://joyce.house.gov","","1124 Longworth House Office Building","J000295",143052,"H2OH14064",412566,"N00035007","RepDaveJoyce","","http://youtube.com/repdavejoyce","RepDaveJoyce",NA,"","1957-03-17","Rep.Joyce@opencongress.org"
"472","Rep","Peter","T.","King","","Pete","R","NY","2",1,"M","202-225-7896","202-226-2279","https://peteking.house.gov","","339 Cannon House Office Building","K000210",26968,"H2NY03089",400219,"N00001193","RepPeteKing","http://www.opencongress.org/wiki/Peter_King","http://youtube.com/RepPeterKing","",NA,"","1944-04-05","Rep.Peteking@opencongress.org"
"480","Rep","Steve","A.","King","","","R","IA","4",1,"M","202-225-4426","202-225-3193","https://steveking.house.gov","","2210 Rayburn House Office Building","K000362",10853,"H2IA05072",400220,"N00025237","SteveKingIA","http://www.opencongress.org/wiki/Steve_King","http://youtube.com/stevekingia","stevekingia",NA,"","1949-05-28","Rep.Steveking@opencongress.org"
"494","Rep","Mike","","Kelly","","","R","PA","3",1,"M","202-225-5406","202-225-3103","https://kelly.house.gov","","1707 Longworth House Office Building","K000376",119463,"H0PA03271",412465,"N00031647","MikeKellyPA","http://www.opencongress.org/wiki/Mike_Kelly","http://youtube.com/repmikekelly","191056827594903",NA,"","1948-05-10","Rep.Kelly@opencongress.org"
"495","Rep","Adam","","Kinzinger","","","R","IL","16",1,"M","202-225-3635","202-225-3521","https://kinzinger.house.gov","","2245 Rayburn House Office Building","K000378",116559,"H0IL11052",412421,"N00030667","RepKinzinger","http://www.opencongress.org/wiki/Adam_Kinzinger","http://youtube.com/RepAdamKinzinger","RepKinzinger",NA,"","1978-02-27","Rep.Kinzinger@opencongress.org"
"526","Rep","Frank","D.","Lucas","","","R","OK","3",1,"M","202-225-5565","202-225-8698","https://lucas.house.gov","","2405 Rayburn House Office Building","L000491",27032,"H4OK06056",400247,"N00005559","RepFrankLucas","http://www.opencongress.org/wiki/Frank_Lucas","http://youtube.com/RepFrankLucas","RepFrankLucas",NA,"","1960-01-06","Rep.Lucas@opencongress.org"
"533","Rep","Frank","A.","LoBiondo","","","R","NJ","2",1,"M","202-225-6572","202-225-3318","https://lobiondo.house.gov","","2427 Rayburn House Office Building","L000554",21890,"H2NJ02037",400244,"N00000851","RepLoBiondo","http://www.opencongress.org/wiki/Frank_LoBiondo","http://youtube.com/USRepFrankLoBiondo","FrankLoBiondo",NA,"","1946-05-12","Rep.Lobiondo@opencongress.org"
"539","Rep","Doug","","Lamborn","","","R","CO","5",1,"M","202-225-4422","202-226-2638","https://lamborn.house.gov","","2402 Rayburn House Office Building","L000564",2698,"H6CO05159",412191,"N00028133","RepDLamborn","http://www.opencongress.org/wiki/Douglas_Lamborn","http://youtube.com/CongressmanLamborn","CongressmanDougLamborn",NA,"","1954-05-24","Rep.Lamborn@opencongress.org"
"541","Rep","Robert","E.","Latta","","","R","OH","5",1,"M","202-225-6405","202-225-1985","https://latta.house.gov","","2448 Rayburn House Office Building","L000566",9926,"H8OH05036",412256,"N00012233","BobLatta","http://www.opencongress.org/wiki/Robert_Latta","http://youtube.com/CongressmanBobLatta","boblatta",NA,"","1956-04-18","Rep.Latta@opencongress.org"
"542","Rep","Leonard","","Lance","","","R","NJ","7",1,"M","202-225-5361","202-225-9460","https://lance.house.gov","","2352 Rayburn House Office Building","L000567",4443,"H6NJ12136",412290,"N00000898","RepLanceNJ7","http://www.opencongress.org/wiki/Leonard_Lance","http://youtube.com/CongressmanLance","CongressmanLance",NA,"","1952-06-25","Rep.Lance@opencongress.org"
"544","Rep","Blaine","","Luetkemeyer","","","R","MO","3",1,"M","202-225-2956","202-225-5712","https://luetkemeyer.house.gov","","2230 Rayburn House Office Building","L000569",20400,"H8MO09153",412292,"N00030026","RepBlainePress","http://www.opencongress.org/wiki/Blaine_Luetkemeyer","http://youtube.com/BLuetkemeyer","BlaineLuetkemeyer",NA,"","1952-05-07","Rep.Luetkemeyer@opencongress.org"
"548","Rep","Ra√∫l","R.","Labrador","","","R","ID","1",1,"M","202-225-6611","202-225-3029","https://labrador.house.gov","","1523 Longworth House Office Building","L000573",57391,"H0ID01253",412419,"N00031377","Raul_Labrador","http://www.opencongress.org/wiki/Raul_Labrador","http://youtube.com/RepLabrador","raul.r.labrador",NA,"","1967-12-08","Rep.Labrador@opencongress.org"
"550","Sen","James","","Lankford","","","R","OK","Junior Seat",1,"M","202-224-5754","","https://www.lankford.senate.gov","http://www.lankford.senate.gov/contact/email","316 Hart Senate Office Building","L000575",124938,"H0OK05114",412464,"N00031129","SenatorLankford","http://www.opencongress.org/wiki/James_Lankford","http://youtube.com/SenatorLankford","SenatorLankford",NA,"III","1968-03-04","Sen.Lankford@opencongress.org"
"551","Rep","Billy","","Long","","","R","MO","7",1,"M","202-225-6536","202-225-5604","https://long.house.gov","","2454 Rayburn House Office Building","L000576",123401,"H0MO07113",412445,"N00030676","USRepLong","http://www.opencongress.org/wiki/Billy_Long","http://youtube.com/MOdistrict7","Rep.Billy.Long",NA,"","1955-08-11","Rep.Long@opencongress.org"
"552","Sen","Mike","","Lee","","","R","UT","Junior Seat",1,"M","202-224-5444","","https://www.lee.senate.gov/public","https://www.lee.senate.gov/public/index.cfm/contact","361a Russell Senate Office Building","L000577",66395,"S0UT00165",412495,"N00031696","SenMikeLee","http://www.opencongress.org/wiki/Mike_Lee","http://youtube.com/senatormikelee","senatormikelee",NA,"III","1971-06-04","Sen.Lee@opencongress.org"
"553","Rep","Doug","","LaMalfa","","","R","CA","1",1,"M","202-225-3076","530-534-7800","https://lamalfa.house.gov","","322 Cannon House Office Building","L000578",29713,"H2CA02142",412510,"N00033987","RepLaMalfa","","http://youtube.com/RepLaMalfa","RepLaMalfa",NA,"","1960-07-02","Rep.Lamalfa@opencongress.org"
"565","Sen","John","S.","McCain","","","R","AZ","Senior Seat",1,"M","202-224-2235","202-228-2862","https://www.mccain.senate.gov","https://www.mccain.senate.gov/public/index.cfm/contact-form","218 Russell Senate Office Building","M000303",53270,"S6AZ00019",300071,"N00006424","SenJohnMcCain","http://www.opencongress.org/wiki/John_McCain","http://youtube.com/SenatorJohnMcCain","johnmccain",NA,"III","1936-08-29","Sen.Mccain@opencongress.org"
"583","Sen","Jerry","","Moran","","","R","KS","Junior Seat",1,"M","202-224-6521","202-228-6966","https://www.moran.senate.gov","https://www.moran.senate.gov/public/index.cfm/e-mail-jerry","521 Dirksen Senate Office Building","M000934",542,"H6KS01096",400284,"N00005282","JerryMoran","http://www.opencongress.org/wiki/Jerry_Moran","http://youtube.com/senatorjerrymoran","jerrymoran",NA,"III","1954-05-29","Sen.Moran@opencongress.org"
"599","Rep","Tim","","Murphy","","","R","PA","18",1,"M","202-225-2301","202-225-1844","https://murphy.house.gov","","2332 Rayburn House Office Building","M001151",9794,"H2PA18143",400285,"N00024992","RepTimMurphy","http://www.opencongress.org/wiki/Tim_Murphy","http://youtube.com/TimMurphyPA18","reptimmurphy",NA,"","1952-09-11","Rep.Murphy@opencongress.org"
"601","Sen","Lisa","A.","Murkowski","","","R","AK","Senior Seat",1,"F","202-224-6665","202-224-5301","https://www.murkowski.senate.gov","https://www.murkowski.senate.gov/public/index.cfm/contact","522 Hart Senate Office Building","M001153",15841,"S4AK00099",300075,"N00026050","LisaMurkowski","http://www.opencongress.org/wiki/Lisa_Murkowski","http://youtube.com/senatormurkowski","SenLisaMurkowski",NA,"III","1957-05-22","Sen.Murkowski@opencongress.org"
"604","Rep","Patrick","T.","McHenry","","","R","NC","10",1,"M","202-225-2576","202-225-0316","https://mchenry.house.gov","","2334 Rayburn House Office Building","M001156",21031,"H4NC10047",400644,"N00026627","PatrickMcHenry","http://www.opencongress.org/wiki/Patrick_McHenry","http://youtube.com/CongressmanMcHenry","CongressmanMcHenry",NA,"","1975-10-22","Rep.Mchenry@opencongress.org"
"605","Rep","Michael","T.","McCaul","","","R","TX","10",1,"M","202-225-2401","202-225-5955","https://mccaul.house.gov","","2001 Rayburn House Office Building","M001157",49210,"H4TX10093",400654,"N00026460","RepMcCaul","http://www.opencongress.org/wiki/Michael_McCaul","http://youtube.com/MichaelTMcCaul","michaeltmccaul",NA,"","1962-01-14","Rep.Mccaul@opencongress.org"
"606","Rep","Kenny","Ewell","Marchant","","","R","TX","24",1,"M","202-225-6605","202-225-0074","https://marchant.house.gov","","2369 Rayburn House Office Building","M001158",5549,"H4TX24094",400656,"N00026710","RepKenMarchant","http://www.opencongress.org/wiki/Kenny_Marchant","http://youtube.com/RepKennyMarchant","RepKennyMarchant",NA,"","1951-02-23","Rep.Marchant@opencongress.org"
"607","Rep","Cathy","","McMorris Rodgers","","","R","WA","5",1,"F","202-225-2006","202-225-3392","https://mcmorris.house.gov","","1314 Longworth House Office Building","M001159",3217,"H4WA05077",400659,"N00026314","CathyMcMorris","http://www.opencongress.org/wiki/Cathy_McMorris-Rodgers","http://youtube.com/mcmorrisrodgers","mcmorrisrodgers",NA,"","1969-05-22","Rep.Mcmorris@opencongress.org"
"613","Rep","Kevin","","McCarthy","","","R","CA","23",1,"M","202-225-2915","202-225-2908","https://kevinmccarthy.house.gov","","2421 Rayburn House Office Building","M001165",28918,"H6CA22125",412190,"N00028152","GOPLeader","http://www.opencongress.org/wiki/Kevin_McCarthy","http://youtube.com/repkevinmccarthy","CongressmanKevinMcCarthy",NA,"","1965-01-26","Rep.Kevinmccarthy@opencongress.org"
"625","Rep","Tom","","McClintock","","","R","CA","4",1,"M","202-225-2511","202-225-5444","https://mcclintock.house.gov","","2312 Rayburn House Office Building","M001177",9715,"H8CA04152",412295,"N00006863","RepMcClintock","http://www.opencongress.org/wiki/Tom_McClintock","http://youtube.com/McClintockCA04","81125319109",NA,"","1956-07-10","Rep.Mcclintock@opencongress.org"
"627","Rep","Tom","","Marino","","","R","PA","10",1,"M","202-225-3731","202-225-9594","https://marino.house.gov","","2242 Rayburn House Office Building","M001179",119478,"H0PA10078",412468,"N00031777","RepTomMarino","http://www.opencongress.org/wiki/Tom_Marino","http://youtube.com/RepMarino","CongressmanMarino",NA,"","1952-08-15","Rep.Marino@opencongress.org"
"628","Rep","David","B.","McKinley","","","R","WV","1",1,"M","202-225-4172","202-225-7564","https://mckinley.house.gov","","2239 Rayburn House Office Building","M001180",117396,"H0WV01072",412487,"N00031681","RepMcKinley","http://www.opencongress.org/wiki/David_McKinley","http://youtube.com/RepDavidMcKinley","RepMcKinley",NA,"","1947-03-28","Rep.Mckinley@opencongress.org"
"629","Rep","Patrick","","Meehan","","","R","PA","7",1,"M","202-225-2011","202-226-0280","https://meehan.house.gov","","2305 Rayburn House Office Building","M001181",119474,"H0PA07082",412466,"N00031134","RepMeehan","http://www.opencongress.org/wiki/Patrick_Meehan","http://youtube.com/repmeehan","CongressmanPatrickMeehan",NA,"","1955-10-20","Rep.Meehan@opencongress.org"
"630","Rep","Mick","","Mulvaney","","","R","SC","5",0,"M","202-225-5501","202-225-0464","https://mulvaney.house.gov","","2350 Rayburn House Office Building","M001182",60348,"H0SC05031",412474,"N00031412","RepMickMulvaney","http://www.opencongress.org/wiki/Mick_Mulvaney","http://youtube.com/RepMickMulvaney","188649667827713",NA,"","1967-07-21",""
"632","Rep","Thomas","","Massie","","","R","KY","4",1,"M","202-225-3465","202-225-0003","https://massie.house.gov","","2453 Rayburn House Office Building","M001184",132068,"H2KY04121",412503,"N00034041","RepThomasMassie","","http://youtube.com/repthomasmassie","RepThomasMassie",NA,"","1971-01-13","Rep.Massie@opencongress.org"
"634","Rep","Mark","","Meadows","","","R","NC","11",1,"M","202-225-6401","202-226-6422","https://meadows.house.gov","","1024 Longworth House Office Building","M001187",136459,"H2NC11080",412552,"N00033631","RepMarkMeadows","","http://youtube.com/RepMarkMeadows","Repmarkmeadows",NA,"","1959-07-28","Rep.Meadows@opencongress.org"
"636","Rep","Luke","","Messer","","","R","IN","6",1,"M","202-225-3021","765-747-5586","https://messer.house.gov","","1230 Longworth House Office Building","M001189",33997,"H0IN02125",412540,"N00012546","RepLukeMesser","","http://youtube.com/RepLukeMesser","RepLukeMesser",NA,"","1969-02-27","Rep.Messer@opencongress.org"
"644","Rep","Brian","","Mast","","","R","FL","18",1,"M","202-225-3026","","https://mast.house.gov","","2182 Rayburn House Office Building","M001199",166245,"H6FL18097",412698,"N00037269","repbrianmast","","http://youtube.com/repbrianmast","repbrianmast",NA,"","1980-07-10","Rep.Mast@opencongress.org"
"656","Rep","Devin","G.","Nunes","","","R","CA","22",1,"M","202-225-2523","202-225-3404","https://nunes.house.gov","","1013 Longworth House Office Building","N000181",16725,"H8CA20059",400297,"N00007248","RepDevinNunes","http://www.opencongress.org/wiki/Devin_Nunes","http://youtube.com/RepDevinNunes","",NA,"","1973-10-01","Rep.Nunes@opencongress.org"
"659","Rep","Kristi","L.","Noem","","","R","SD","0",1,"F","202-225-2801","202-225-5823","https://noem.house.gov","","2457 Rayburn House Office Building","N000184",58189,"H0SD00054",412475,"N00032022","RepKristiNoem","http://www.opencongress.org/wiki/Kristi_Noem","http://youtube.com/RepKristiNoem","",NA,"","1971-11-30","Rep.Noem@opencongress.org"
"685","Sen","Robert","J.","Portman","","Rob","R","OH","Junior Seat",1,"M","202-224-3353","","https://www.portman.senate.gov","https://www.portman.senate.gov/public/index.cfm/contact?p=contact-form","448 Russell Senate Office Building","P000449",27008,"S0OH00133",400325,"N00003682","SenRobPortman","http://www.opencongress.org/wiki/Rand_Paul","http://youtube.com/SenRobPortman","senrobportman",NA,"III","1955-12-19","Sen.Portman@opencongress.org"
"692","Rep","Stevan","E.","Pearce","","Steve","R","NM","2",1,"M","202-225-2365","","https://pearce.house.gov","","2432 Rayburn House Office Building","P000588",10655,"H2NM02126",400313,"N00012672","RepStevePearce","http://www.opencongress.org/wiki/Stevan_Pearce","http://youtube.com/NMStevePearce","RepStevePearce",NA,"","1947-08-24","Rep.Pearce@opencongress.org"
"695","Rep","Tom","","Price","","","R","GA","6",0,"M","202-225-4501","202-225-4656","https://tomprice.house.gov","","1211 Longworth House Office Building","P000591",11853,"H4GA06087",400626,"N00026160","RepTomPrice","http://www.opencongress.org/wiki/Thomas_Price","http://youtube.com/RepTomPrice","172032960420",NA,"","1954-10-08",""
"696","Rep","Ted","","Poe","","","R","TX","2",1,"M","202-225-6565","202-225-5547","https://poe.house.gov","","2132 Rayburn House Office Building","P000592",49198,"H4TX02108",400652,"N00026457","JudgeTedPoe","http://www.opencongress.org/wiki/Ted_Poe","http://youtube.com/CongressmanTedPoe","106631626049851",NA,"","1948-09-10","Rep.Poe@opencongress.org"
"698","Rep","Erik","","Paulsen","","","R","MN","3",1,"M","202-225-2871","202-225-6351","https://paulsen.house.gov","","127 Cannon House Office Building","P000594",3833,"H8MN03077",412303,"N00029391","RepErikPaulsen","http://www.opencongress.org/wiki/Erik_Paulsen","http://youtube.com/reperikpaulsen","CongressmanErikPaulsen",NA,"","1965-05-14","Rep.Paulsen@opencongress.org"
"703","Rep","Bill","","Posey","","","R","FL","8",1,"M","202-225-3671","202-225-3516","https://posey.house.gov","","2150 Rayburn House Office Building","P000599",24280,"H8FL15107",412309,"N00029662","CongBillPosey","http://www.opencongress.org/wiki/Bill_Posey","http://youtube.com/CongressmanPosey","bill.posey15",NA,"","1947-12-18","Rep.Posey@opencongress.org"
"705","Rep","Steven","M.","Palazzo","","","R","MS","4",1,"M","202-225-5772","202-225-7074","https://palazzo.house.gov","","2349 Rayburn House Office Building","P000601",69521,"H0MS04120",412443,"N00031958","CongPalazzo","http://www.opencongress.org/wiki/Steven_Palazzo","http://youtube.com/CongressmanPalazzo","stevenpalazzo",NA,"","1970-02-21","Rep.Palazzo@opencongress.org"
"706","Rep","Mike","","Pompeo","","","R","KS","4",0,"M","202-225-6216","","http://pompeo.house.gov","","2452 Rayburn House Office Building","P000602",125023,"H0KS04051",412431,"N00030744","RepMikePompeo","http://www.opencongress.org/wiki/Mike_Pompeo","http://youtube.com/congressmanpompeo","101965369880683",NA,"","1963-12-30",""
"709","Rep","Scott","","Perry","","","R","PA","4",1,"M","202-225-5836","202-226-1000","https://perry.house.gov","","1207 Longworth House Office Building","P000605",59980,"H2PA04135",412569,"N00034120","RepScottPerry","","http://youtube.com/RepScottPerry","repscottperry",NA,"","1962-05-27","Rep.Perry@opencongress.org"
"710","Rep","Robert","","Pittenger","","","R","NC","9",1,"M","202-225-1976","202-225-3389","https://pittenger.house.gov","","224 Cannon House Office Building","P000606",41272,"H2NC09134",412551,"N00034416","RepPittenger","","http://youtube.com/CongressmanPittenger","congressmanpittenger",NA,"","1948-08-15","Rep.Pittenger@opencongress.org"
"728","Sen","Pat","","Roberts","","","R","KS","Senior Seat",1,"M","202-224-4774","202-224-3514","https://www.roberts.senate.gov","https://www.roberts.senate.gov/public/?p=EmailPat","109 Hart Senate Office Building","R000307",26866,"S6KS00080",300083,"N00005285","SenPatRoberts","http://www.opencongress.org/wiki/Pat_Roberts","http://youtube.com/SenPatRoberts","SenPatRoberts",NA,"II","1936-04-20","Sen.Roberts@opencongress.org"
"730","Rep","Harold","","Rogers","","Hal","R","KY","5",1,"M","202-225-4601","202-225-0940","https://halrogers.house.gov","","2406 Rayburn House Office Building","R000395",26875,"H0KY05015",400340,"N00003473","RepHalRogers","http://www.opencongress.org/wiki/Harold_Rogers","http://youtube.com/RepHalRogers","CongressmanHalRogers",NA,"","1937-12-31","Rep.Halrogers@opencongress.org"
"731","Rep","Dana","T.","Rohrabacher","","","R","CA","48",1,"M","202-225-2415","202-225-0145","https://rohrabacher.house.gov","","2300 Rayburn House Office Building","R000409",26763,"H8CA42061",400343,"N00007151","reprohrabacher","http://www.opencongress.org/wiki/Dana_Rohrabacher","http://youtube.com/RepDanaRohrabacher","RepRohrabacher",NA,"","1947-06-21","Rep.Rohrabacher@opencongress.org"
"732","Rep","Ileana","","Ros-Lehtinen","","","R","FL","27",1,"F","202-225-3931","202-225-5620","https://ros-lehtinen.house.gov","","2206 Rayburn House Office Building","R000435",26815,"H0FL18025",400344,"N00002858","RosLehtinen","http://www.opencongress.org/wiki/Ileana_Ros-Lehtinen","http://youtube.com/IleanaRosLehtinen","iroslehtinen",NA,"","1952-07-15","Rep.Ros-lehtinen@opencongress.org"
"735","Rep","Edward","R.","Royce","","Ed","R","CA","39",1,"M","202-225-4111","202-226-0335","https://royce.house.gov","","2310 Rayburn House Office Building","R000487",26772,"H6CA39020",400348,"N00008264","RepEdRoyce","http://www.opencongress.org/wiki/Edward_Royce","http://youtube.com/RepEdRoyce","EdRoyce",NA,"","1951-10-12","Rep.Royce@opencongress.org"
"739","Rep","Paul","D.","Ryan","","","R","WI","1",1,"M","202-225-3031","202-225-3393","https://paulryan.house.gov","","1233 Longworth House Office Building","R000570",26344,"H8WI01024",400351,"N00004357","SpeakerRyan","http://www.opencongress.org/wiki/Paul_Ryan","http://youtube.com/reppaulryan","speakerryan",NA,"","1970-01-29","Rep.Paulryan@opencongress.org"
"744","Rep","Mike","","Rogers","","","R","AL","3",1,"M","202-225-3261","202-226-8485","https://mikerogers.house.gov","","2184 Rayburn House Office Building","R000575",5705,"H2AL03032",400341,"N00024759","RepMikeRogersAL","http://www.opencongress.org/wiki/Michael_Rogers","http://youtube.com/MikeRogersAL03","CongressmanMikeDRogers",NA,"","1958-07-16","Rep.Mikerogers@opencongress.org"
"747","Rep","David","G.","Reichert","","","R","WA","8",1,"M","202-225-7761","202-225-4282","https://reichert.house.gov","","1127 Longworth House Office Building","R000578",51346,"H4WA08071",400660,"N00026885","DaveReichert","http://www.opencongress.org/wiki/David_George_Reichert","http://youtube.com/repdavereichert","repdavereichert",NA,"","1950-08-29","Rep.Reichert@opencongress.org"
"748","Rep","Peter","J.","Roskam","","","R","IL","6",1,"M","202-225-4561","202-225-1166","https://roskam.house.gov","","2246 Rayburn House Office Building","R000580",6382,"H6IL06117",412202,"N00004719","PeterRoskam","http://www.opencongress.org/wiki/Peter_Roskam","http://youtube.com/RoskamIL06","PeterRoskam",NA,"","1961-09-13","Rep.Roskam@opencongress.org"
"750","Rep","David","P.","Roe","","Phil","R","TN","1",1,"M","202-225-6356","202-225-6356","https://roe.house.gov","","336 Cannon House Office Building","R000582",65306,"H6TN01388",412310,"N00028463","DrPhilRoe","http://www.opencongress.org/wiki/David_Roe","http://youtube.com/drphilroe","DrPhilRoe",NA,"","1945-07-21","Rep.Roe@opencongress.org"
"751","Rep","Thomas","J.","Rooney","","","R","FL","17",1,"M","202-225-5792","202-225-3132","https://rooney.house.gov","","2160 Rayburn House Office Building","R000583",107800,"H8FL16022",412311,"N00029018","TomRooney","http://www.opencongress.org/wiki/Tom_Rooney","http://youtube.com/CongressmanRooney","reptomrooney",NA,"","1970-11-21","Rep.Rooney@opencongress.org"
"752","Sen","James","","Risch","","","R","ID","Junior Seat",1,"M","202-224-2752","202-224-2573","https://www.risch.senate.gov","http://www.risch.senate.gov/public/index.cfm?p=Email","483 Russell Senate Office Building","R000584",2919,"S8ID00092",412322,"N00029441","SenatorRisch","http://www.opencongress.org/wiki/James_Risch","http://youtube.com/SenatorJamesRisch","",NA,"II","1943-05-03","Sen.Risch@opencongress.org"
"753","Rep","Tom","W.","Reed","II","","R","NY","23",1,"M","202-225-3161","202-226-6599","https://reed.house.gov","","2437 Rayburn House Office Building","R000585",127046,"H0NY29054",412393,"N00030949","RepTomReed","http://www.opencongress.org/wiki/Tom_Reed","http://youtube.com/CongressmanTomReed","RepTomReed",NA,"","1971-11-18","Rep.Reed@opencongress.org"
"754","Rep","James","B.","Renacci","","","R","OH","16",1,"M","202-225-3876","202-225-3059","https://renacci.house.gov","","328 Cannon House Office Building","R000586",120678,"H0OH16097",412462,"N00031127","RepJimRenacci","http://www.opencongress.org/wiki/Jim_Renacci","http://youtube.com/repjimrenacci","repjimrenacci",NA,"","1958-12-03","Rep.Renacci@opencongress.org"
"759","Rep","Martha","","Roby","","","R","AL","2",1,"F","202-225-2901","202-225-8913","https://roby.house.gov","","442 Cannon House Office Building","R000591",71604,"H0AL02087",412394,"N00030768","RepMarthaRoby","http://www.opencongress.org/wiki/Martha_Roby","http://youtube.com/reproby","Representative.Martha.Roby",NA,"","1976-07-27","Rep.Roby@opencongress.org"
"760","Rep","Todd","","Rokita","","","R","IN","4",1,"M","202-225-5037","202-226-0544","http://rokita.house.gov","","2439 Rayburn House Office Building","R000592",34167,"H0IN04170",412426,"N00031741","ToddRokita","http://www.opencongress.org/wiki/Todd_Rokita","http://youtube.com/reptoddrokita","RepToddRokita",NA,"","1970-02-09","Rep.Rokita@opencongress.org"
"761","Rep","Dennis","A.","Ross","","","R","FL","15",1,"M","202-225-1252","202-226-0585","https://dennisross.house.gov","","436 Cannon House Office Building","R000593",12813,"H0FL12101",412411,"N00030645","RepDennisRoss","http://www.opencongress.org/wiki/Dennis_Ross","http://youtube.com/RepDennisRoss","dennis.ross.376",NA,"","1959-10-18","Rep.Dennisross@opencongress.org"
"763","Sen","Marco","","Rubio","","","R","FL","Junior Seat",1,"M","202-224-3041","202-228-0285","https://www.rubio.senate.gov","http://www.rubio.senate.gov/public/index.cfm/contact","284 Russell Senate Office Building","R000595",1601,"S0FL00338",412491,"N00030612","SenRubioPress","http://www.opencongress.org/wiki/Marco_Rubio","http://youtube.com/SenatorMarcoRubio","SenatorMarcoRubio",NA,"III","1971-05-28","Sen.Rubio@opencongress.org"
"764","Rep","Tom","","Rice","","","R","SC","7",1,"M","202-225-9895","","https://rice.house.gov","","223 Cannon House Office Building","R000597",132382,"H2SC07066",412572,"N00033832","RepTomRice","","http://youtube.com/RepTomRice","reptomrice",NA,"","1957-08-04","Rep.Rice@opencongress.org"
"765","Rep","Keith","J.","Rothfus","","","R","PA","12",1,"M","202-225-2065","202-225-5709","https://rothfus.house.gov","","1205 Longworth House Office Building","R000598",119466,"H0PA04220",412570,"N00031253","KeithRothfus","","http://youtube.com/reprothfus","keithrothfus",NA,"","1962-04-25","Rep.Rothfus@opencongress.org"
"779","Rep","Marshall","","Sanford","","Mark","R","SC","1",1,"M","202-225-3176","843-521-2535","https://sanford.house.gov","","2211 Rayburn House Office Building","S000051",21991,"H4SC01073",400607,"N00002424","RepSanfordSC","","http://youtube.com/RepSanfordSC","RepSanfordSC",NA,"","1960-05-28","Rep.Sanford@opencongress.org"
"783","Rep","F.","James","Sensenbrenner","Jr.","","R","WI","5",1,"M","202-225-5101","202-225-3190","https://sensenbrenner.house.gov","","2449 Rayburn House Office Building","S000244",27142,"H8WI09050",400365,"N00004291","JimPressOffice","http://www.opencongress.org/wiki/James_Sensenbrenner","http://youtube.com/RepSensenbrenner","RepSensenbrenner",NA,"","1943-06-14","Rep.Sensenbrenner@opencongress.org"
"785","Rep","Pete","A.","Sessions","","","R","TX","32",1,"M","202-225-2231","202-225-5878","https://sessions.house.gov","","2233 Rayburn House Office Building","S000250",288,"H2TX03126",400367,"N00005681","PeteSessions","http://www.opencongress.org/wiki/Peter_Sessions","http://youtube.com/PeteSessions","petesessions",NA,"","1955-03-22","Rep.Sessions@opencongress.org"
"787","Sen","Richard","C.","Shelby","","","R","AL","Senior Seat",1,"M","202-224-5744","202-224-3416","https://www.shelby.senate.gov","https://www.shelby.senate.gov/public/index.cfm/emailsenatorshelby","304 Russell Senate Office Building","S000320",53266,"S6AL00013",300089,"N00009920","SenShelby","http://www.opencongress.org/wiki/Richard_Shelby","http://youtube.com/SenatorRichardShelby","RichardShelby",NA,"III","1934-05-06","Sen.Shelby@opencongress.org"
"789","Rep","John","M.","Shimkus","","","R","IL","15",1,"M","202-225-5271","202-225-5880","https://shimkus.house.gov","","2217 Rayburn House Office Building","S000364",246,"H2IL20042",400373,"N00004961","RepShimkus","http://www.opencongress.org/wiki/John_Shimkus","http://youtube.com/repshimkus","repshimkus",NA,"","1958-02-21","Rep.Shimkus@opencongress.org"
"793","Rep","Christopher","H.","Smith","","Chris","R","NJ","4",1,"M","202-225-3765","202-225-7768","https://chrissmith.house.gov","","2373 Rayburn House Office Building","S000522",26952,"H8NJ04014",400380,"N00009816","RepChrisSmith","http://www.opencongress.org/wiki/Christopher_Smith","http://youtube.com/USRepChrisSmith","RepChrisSmith",NA,"","1953-03-04","Rep.Chrissmith@opencongress.org"
"794","Rep","Lamar","S.","Smith","","","R","TX","21",1,"M","202-225-4236","202-225-8628","https://lamarsmith.house.gov","","2409 Rayburn House Office Building","S000583",27097,"H6TX21012",400381,"N00001811","LamarSmithTX21","http://www.opencongress.org/wiki/Lamar_Smith","http://youtube.com/lamarsmithtexas21","LamarSmithTX21",NA,"","1947-11-19","Rep.Lamarsmith@opencongress.org"
"805","Sen","Jefferson","B.","Sessions","","Jeff","R","AL","Junior Seat",0,"M","202-224-4124","202-224-3149","http://www.sessions.senate.gov/public","http://www.sessions.senate.gov/public/index.cfm/contact-jeff","326 Russell Senate Office Building","S001141",443,"S6AL00195",300088,"N00003062","SenatorSessions","http://www.opencongress.org/wiki/Jefferson_Sessions","http://youtube.com/SenatorSessions","23444159584",NA,"II","1946-12-24",""
"810","Rep","Michael","K.","Simpson","","Mike","R","ID","2",1,"M","202-225-5531","202-225-8216","https://simpson.house.gov","","2084 Rayburn House Office Building","S001148",2917,"H8ID02064",400376,"N00006263","CongMikeSimpson","http://www.opencongress.org/wiki/Michael_Simpson","http://youtube.com/CongMikeSimpson","96007744606",NA,"","1950-09-08","Rep.Simpson@opencongress.org"
"813","Rep","Bill","","Shuster","","","R","PA","9",1,"M","202-225-2431","202-225-2486","https://shuster.house.gov","","2079 Rayburn House Office Building","S001154",55693,"H2PA09035",409888,"N00013770","RepBillShuster","http://www.opencongress.org/wiki/Bill_Shuster","http://youtube.com/repshuster","Rep.Shuster",NA,"","1961-01-10","Rep.Shuster@opencongress.org"
"827","Rep","Adrian","","Smith","","","R","NE","3",1,"M","202-225-6435","202-225-0207","https://adriansmith.house.gov","","320 Cannon House Office Building","S001172",21284,"H6NE03115",412217,"N00027623","RepAdrianSmith","http://www.opencongress.org/wiki/Adrian_Smith","http://youtube.com/RepAdrianSmith","",NA,"","1970-12-19","Rep.Adriansmith@opencongress.org"
"831","Rep","Steve","Joseph","Scalise","","","R","LA","1",1,"M","202-225-3015","202-226-0386","https://scalise.house.gov","","2338 Rayburn House Office Building","S001176",9026,"H0LA01087",412261,"N00009660","SteveScalise","http://www.opencongress.org/wiki/Stephen_Scalise","http://youtube.com/RepSteveScalise","RepSteveScalise",NA,"","1965-10-06","Rep.Scalise@opencongress.org"
"838","Rep","David","","Schweikert","","","R","AZ","6",1,"M","202-225-2190","202-225-0096","https://schweikert.house.gov","","2059 Rayburn House Office Building","S001183",106387,"H4AZ06045",412399,"N00006460","RepDavid","http://www.opencongress.org/wiki/David_Schweikert","http://youtube.com/RepDavidSchweikert","repdavidschweikert",NA,"","1962-03-03","Rep.Schweikert@opencongress.org"
"839","Sen","Tim","","Scott","","","R","SC","Junior Seat",1,"M","202-224-6121","202-225-3407","https://www.scott.senate.gov","https://www.scott.senate.gov/contact/email-me","717 Hart Senate Office Building","S001184",11940,"H0SC01279",412471,"N00031782","SenatorTimScott","http://www.opencongress.org/wiki/Tim_Scott","http://youtube.com/SenatorTimScott","SenatorTimScott",NA,"III","1965-09-19","Sen.Scott@opencongress.org"
"842","Rep","Steve","","Stivers","","","R","OH","15",1,"M","202-225-2015","202-225-3529","https://stivers.house.gov","","1022 Longworth House Office Building","S001187",45333,"H8OH15076",412461,"N00029574","RepSteveStivers","http://www.opencongress.org/wiki/Steve_Stivers","http://youtube.com/RepSteveStivers","116058275133542",NA,"","1965-03-24","Rep.Stivers@opencongress.org"
"844","Rep","Austin","","Scott","","","R","GA","8",1,"M","202-225-6531","202-225-3013","https://austinscott.house.gov","","2417 Rayburn House Office Building","S001189",11812,"H0GA08099",412417,"N00032457","AustinScottGA08","http://www.opencongress.org/wiki/Austin_Scott","http://youtube.com/RepAustinScott","RepAustinScott",NA,"","1969-12-10","Rep.Austinscott@opencongress.org"
"847","Rep","Chris","","Stewart","","","R","UT","2",1,"M","202-225-9730","801-364-5551","https://stewart.house.gov","","323 Cannon House Office Building","S001192",135930,"H2UT02324",412581,"N00033932","RepChrisStewart","","http://youtube.com/repchrisstewart","RepChrisStewart",NA,"","1960-07-15","Rep.Stewart@opencongress.org"
"850","Rep","Jason","T.","Smith","","","R","MO","8",1,"M","202-225-4404","202-226-0326","https://jasonsmith.house.gov","","1118 Longworth House Office Building","S001195",59318,"H4MO08162",412596,"N00035282","RepJasonSmith","","http://youtube.com/RepJasonSmith","repjasonsmith",NA,"","1980-06-16","Rep.Jasonsmith@opencongress.org"
"862","Rep","Mac","M.","Thornberry","","","R","TX","13",1,"M","202-225-3706","202-225-3486","https://thornberry.house.gov","","2208 Rayburn House Office Building","T000238",21706,"H4TX13014",400404,"N00006052","MacTXPress","http://www.opencongress.org/wiki/William_Thornberry","http://youtube.com/RepMacThornberry","repmacthornberry",NA,"","1958-07-15","Rep.Thornberry@opencongress.org"
"863","Sen","John","","Thune","","","R","SD","Senior Seat",1,"M","202-224-2321","202-228-5429","https://www.thune.senate.gov","http://www.thune.senate.gov/public/index.cfm/contact","511 Dirksen Senate Office Building","T000250",398,"S2SD00068",400546,"N00004572","SenJohnThune","http://www.opencongress.org/wiki/John_Thune","http://youtube.com/johnthune","",NA,"III","1961-01-07","Sen.Thune@opencongress.org"
"870","Sen","Patrick","J.","Toomey","","Pat","R","PA","Junior Seat",1,"M","202-224-4254","202-228-0284","https://www.toomey.senate.gov","https://www.toomey.senate.gov/?p=contact","248 Russell Senate Office Building","T000461",24096,"S4PA00121",400408,"N00001489","SenToomey","http://www.opencongress.org/wiki/Pat_Toomey","http://youtube.com/sentoomey","senatortoomey",NA,"III","1961-11-17","Sen.Toomey@opencongress.org"
"871","Rep","Patrick","J.","Tiberi","","Pat","R","OH","12",1,"M","202-225-5355","202-226-4523","https://tiberi.house.gov","","1203 Longworth House Office Building","T000462",8404,"H0OH12062",400406,"N00009699","pattiberi","http://www.opencongress.org/wiki/Patrick_Tiberi","http://youtube.com/PatTiberi","RepPatTiberi",NA,"","1962-10-21","Rep.Tiberi@opencongress.org"
"872","Rep","Michael","R.","Turner","","","R","OH","10",1,"M","202-225-6465","202-225-6754","https://turner.house.gov","","2368 Rayburn House Office Building","T000463",45519,"H2OH03067",400411,"N00025175","RepMikeTurner","http://www.opencongress.org/wiki/Michael_Turner","http://youtube.com/CongressmanTurner","RepMikeTurner",NA,"","1960-01-11","Rep.Turner@opencongress.org"
"876","Rep","Glenn","","Thompson","","","R","PA","5",1,"M","202-225-5121","202-225-5796","https://thompson.house.gov","","124 Cannon House Office Building","T000467",24046,"H8PA05071",412317,"N00029736","CongressmanGT","http://www.opencongress.org/wiki/Glenn_Thompson","http://youtube.com/CongressmanGT","CongressmanGT",NA,"","1959-07-27","Rep.Thompson@opencongress.org"
"879","Rep","Scott","R.","Tipton","","","R","CO","3",1,"M","202-225-4761","202-226-9669","https://tipton.house.gov","","218 Cannon House Office Building","T000470",65403,"H6CO03139",412405,"N00027509","RepTipton","http://www.opencongress.org/wiki/Scott_Tipton","http://youtube.com/RepScottTipton","CongressmanScottTipton",NA,"","1956-11-09","Rep.Tipton@opencongress.org"
"887","Rep","Fred","Stephen","Upton","","","R","MI","6",1,"M","202-225-3761","202-225-4986","https://upton.house.gov","","2183 Rayburn House Office Building","U000031",26906,"H6MI04113",400414,"N00004133","RepFredUpton","http://www.opencongress.org/wiki/Frederick_Stephen_Upton","http://youtube.com/RepFredUpton","RepFredUpton",NA,"","1953-04-23","Rep.Upton@opencongress.org"
"895","Rep","David","G.","Valadao","","","R","CA","21",1,"M","202-225-4695","202-226-3196","https://valadao.house.gov","","1728 Longworth House Office Building","V000129",120200,"H2CA20094",412515,"N00033367","RepDavidValadao","","http://youtube.com/congressmanvaladao","CongressmanDavidValadao",NA,"","1977-04-14","Rep.Valadao@opencongress.org"
"909","Sen","Roger","F.","Wicker","","","R","MS","Junior Seat",1,"M","202-224-6253","202-228-0378","https://www.wicker.senate.gov","https://www.wicker.senate.gov/public/index.cfm/contact","555 Dirksen Senate Office Building","W000437",21926,"H4MS01078",400432,"N00003280","SenatorWicker","http://www.opencongress.org/wiki/Roger_Wicker","http://youtube.com/SenatorWicker","SenatorWicker",NA,"I","1951-07-05","Sen.Wicker@opencongress.org"
"915","Rep","Greg","P.","Walden","","","R","OR","2",1,"M","202-225-6730","202-225-5774","https://walden.house.gov","","2185 Rayburn House Office Building","W000791",2979,"H6OR02116",400419,"N00007690","RepGregWalden","http://www.opencongress.org/wiki/Greg_Walden","http://youtube.com/RepGregWalden","repgregwalden",NA,"","1957-01-10","Rep.Walden@opencongress.org"
"919","Rep","Joe","G.","Wilson","","","R","SC","2",1,"M","202-225-2452","202-225-2455","https://joewilson.house.gov","","1436 Longworth House Office Building","W000795",3985,"H2SC02059",400433,"N00024809","RepJoeWilson","http://www.opencongress.org/wiki/Addison_Wilson","http://youtube.com/RepJoeWilson","JoeWilson",NA,"","1947-07-31","Rep.Joewilson@opencongress.org"
"922","Rep","Tim","","Walberg","","","R","MI","7",1,"M","202-225-6276","202-225-6281","https://walberg.house.gov","","2436 Rayburn House Office Building","W000798",8618,"H4MI07103",412213,"N00026368","RepWalberg","http://www.opencongress.org/wiki/Timothy_Walberg","http://youtube.com/RepWalberg","RepWalberg",NA,"","1951-04-12","Rep.Walberg@opencongress.org"
"928","Rep","Robert","J.","Wittman","","","R","VA","1",1,"M","202-225-4261","202-225-4382","https://wittman.house.gov","","2055 Rayburn House Office Building","W000804",58133,"H8VA01147",412255,"N00029459","RobWittman","http://www.opencongress.org/wiki/Robert_Wittman","http://youtube.com/RobWittman","RepRobWittman",NA,"","1959-02-03","Rep.Wittman@opencongress.org"
"930","Rep","Daniel","","Webster","","","R","FL","11",1,"M","202-225-1002","202-225-0999","https://webster.house.gov","","1210 Longworth House Office Building","W000806",24302,"H0FL08208",412410,"N00026335","RepWebster","http://www.opencongress.org/wiki/Daniel_Webster","http://youtube.com/repdanwebster","RepWebster",NA,"","1949-04-27","Rep.Webster@opencongress.org"
"933","Rep","Steve","","Womack","","","R","AR","3",1,"M","202-225-4301","202-225-5713","https://womack.house.gov","","2412 Rayburn House Office Building","W000809",71815,"H0AR03055",412402,"N00031857","Rep_SteveWomack","http://www.opencongress.org/wiki/Steve_Womack","http://youtube.com/CongressmanWomack","RepSteveWomack",NA,"","1957-02-18","Rep.Womack@opencongress.org"
"934","Rep","Rob","","Woodall","","","R","GA","7",1,"M","202-225-4272","202-225-4696","https://woodall.house.gov","","1724 Longworth House Office Building","W000810",122251,"H0GA07133",412416,"N00032416","RepRobWoodall","http://www.opencongress.org/wiki/Rob_Woodall","http://youtube.com/RobWoodallGA07","RepRobWoodall",NA,"","1970-02-11","Rep.Woodall@opencongress.org"
"937","Rep","Jackie","","Walorski","","","R","IN","2",1,"F","202-225-3915","202-225-6798","https://walorski.house.gov","","419 Cannon House Office Building","W000813",34205,"H0IN02190",412538,"N00031226","RepWalorski","","http://youtube.com/repwalorski","RepJackieWalorski",NA,"","1963-08-17","Rep.Walorski@opencongress.org"
"938","Rep","Randy","K.","Weber","","","R","TX","14",1,"M","202-225-2831","202-225-0271","https://weber.house.gov","","1708 Longworth House Office Building","W000814",102026,"H2TX14149",412574,"N00033539","TXRandy14","","http://youtube.com/TXRandy14","TXRandy14",NA,"","1953-07-02","Rep.Weber@opencongress.org"
"939","Rep","Brad","R.","Wenstrup","","","R","OH","2",1,"M","202-225-3164","202-225-1992","https://wenstrup.house.gov","","2419 Rayburn House Office Building","W000815",135326,"H2OH02085",412564,"N00033310","RepBradWenstrup","","http://youtube.com/repbradwenstrup","RepBradWenstrup",NA,"","1958-06-17","Rep.Wenstrup@opencongress.org"
"947","Rep","Don","E.","Young","","","R","AK","0",1,"M","202-225-5765","202-225-0425","https://donyoung.house.gov","","2314 Rayburn House Office Building","Y000033",26717,"H6AK00045",400440,"N00007999","RepDonYoung","http://www.opencongress.org/wiki/Donald_Young","http://youtube.com/RepDonYoung","RepDonYoung",NA,"","1933-06-09","Rep.Donyoung@opencongress.org"
"949","Rep","Kevin","","Yoder","","","R","KS","3",1,"M","202-225-2865","202-225-2807","https://yoder.house.gov","","2433 Rayburn House Office Building","Y000063",34433,"H0KS03137",412430,"N00031502","RepKevinYoder","http://www.opencongress.org/wiki/Kevin_Yoder","http://youtube.com/RepYoder","CongressmanKevinYoder",NA,"","1976-01-08","Rep.Yoder@opencongress.org"
"950","Sen","Todd","C.","Young","","","R","IN","Junior Seat",1,"M","202-224-5623","202-226-6866","https://www.young.senate.gov","https://www.young.senate.gov/contact","400 Russell Senate Office Building","Y000064",120345,"H0IN09070",412428,"N00030670","SenToddYoung","http://www.opencongress.org/wiki/Todd_Young","http://youtube.com/RepToddYoung","SenatorToddYoung",NA,"III","1972-08-24","Sen.Young@opencongress.org"
"951","Rep","Ted","S.","Yoho","","","R","FL","3",1,"M","202-225-5744","","https://yoho.house.gov","","511 Cannon House Office Building","Y000065",137622,"H2FL06109",412525,"N00033220","RepTedYoho","","http://youtube.com/RepTedYoho","CongressmanTedYoho",NA,"","1955-04-13","Rep.Yoho@opencongress.org"
